{"cameraMode":{"drawMode":0,"name":"Shaded","section":"Shading Mode"},"sceneLighting":true,"audioPlay":false,"sceneViewState":{"showFog":true,"showMaterialUpdate":true,"showSkybox":false,"showFlares":true,"showImageEffects":true,"showParticleSystems":true},"in2DMode":false,"pivot":{"x":-2.017970561981201,"y":1.2560110092163087,"z":-3.1646008491516115},"rotation":{"x":-0.0007702553411945701,"y":0.9665176272392273,"z":-0.0028995785396546127,"w":-0.25659695267677309},"size":4.989870071411133,"orthographic":false}