{"cameraMode":{"drawMode":0,"name":"Shaded","section":"Shading Mode"},"sceneLighting":true,"audioPlay":false,"sceneViewState":{"showFog":true,"showMaterialUpdate":true,"showSkybox":true,"showFlares":true,"showImageEffects":true,"showParticleSystems":true},"in2DMode":false,"pivot":{"x":0.06657703220844269,"y":1.8358596563339234,"z":2.6550235748291017},"rotation":{"x":0.0015114006819203497,"y":0.007813258096575737,"z":0.00010038667096523568,"w":1.0000678300857545},"size":14.753427505493164,"orthographic":false}