{"cameraMode":{"drawMode":0,"name":"Shaded","section":"Shading Mode"},"sceneLighting":false,"audioPlay":false,"sceneViewState":{"showFog":true,"showMaterialUpdate":true,"showSkybox":false,"showFlares":true,"showImageEffects":true,"showParticleSystems":true},"in2DMode":false,"pivot":{"x":0.9319847822189331,"y":0.39116060733795168,"z":-0.2684488296508789},"rotation":{"x":0.0928940400481224,"y":0.17709514498710633,"z":-0.01667742431163788,"w":0.9797592163085938},"size":14.668959617614746,"orthographic":false}