{"cameraMode":{"drawMode":0,"name":"Shaded","section":"Shading Mode"},"sceneLighting":false,"audioPlay":false,"sceneViewState":{"showFog":true,"showMaterialUpdate":true,"showSkybox":false,"showFlares":true,"showImageEffects":true,"showParticleSystems":true},"in2DMode":false,"pivot":{"x":-2.966716766357422,"y":-0.26196885108947756,"z":-0.3877871334552765},"rotation":{"x":0.05568966269493103,"y":-0.7553330659866333,"z":0.06473872065544129,"w":0.6497542262077332},"size":4.359923362731934,"orthographic":false}