{"cameraMode":{"drawMode":0,"name":"Shaded","section":"Shading Mode"},"sceneLighting":true,"audioPlay":false,"sceneViewState":{"showFog":true,"showMaterialUpdate":true,"showSkybox":true,"showFlares":true,"showImageEffects":true,"showParticleSystems":true},"in2DMode":false,"pivot":{"x":-5.6618571281433109,"y":-2.875277042388916,"z":-11.5603666305542},"rotation":{"x":0.17871776223182679,"y":0.7186175584793091,"z":-0.19999673962593079,"w":0.641757071018219},"size":4.818749904632568,"orthographic":false}