{"cameraMode":{"drawMode":0,"name":"Shaded","section":"Shading Mode"},"sceneLighting":false,"audioPlay":false,"sceneViewState":{"showFog":true,"showMaterialUpdate":true,"showSkybox":false,"showFlares":true,"showImageEffects":true,"showParticleSystems":true},"in2DMode":false,"pivot":{"x":-2.019805669784546,"y":0.24393849074840547,"z":-1.4514565467834473},"rotation":{"x":0.17752787470817567,"y":0.06047941744327545,"z":-0.01092654187232256,"w":0.982227623462677},"size":2.312311887741089,"orthographic":false}