{"cameraMode":{"drawMode":0,"name":"Shaded","section":"Shading Mode"},"sceneLighting":false,"audioPlay":false,"sceneViewState":{"showFog":true,"showMaterialUpdate":true,"showSkybox":false,"showFlares":true,"showImageEffects":true,"showParticleSystems":true},"in2DMode":false,"pivot":{"x":0.8078038692474365,"y":1.0395194292068482,"z":-0.0759093165397644},"rotation":{"x":-0.04758560284972191,"y":0.6692046523094177,"z":0.04301619902253151,"w":0.7403086423873901},"size":3.463575601577759,"orthographic":false}