{"cameraMode":{"drawMode":0,"name":"Shaded","section":"Shading Mode"},"sceneLighting":false,"audioPlay":false,"sceneViewState":{"showFog":true,"showMaterialUpdate":true,"showSkybox":false,"showFlares":true,"showImageEffects":true,"showParticleSystems":true},"in2DMode":false,"pivot":{"x":-3.911282539367676,"y":-1.4623701572418213,"z":0.6535927057266235},"rotation":{"x":0.18376828730106355,"y":-0.670481264591217,"z":0.17705266177654267,"w":0.6968058347702026},"size":7.373342037200928,"orthographic":false}