{"cameraMode":{"drawMode":0,"name":"Shaded","section":"Shading Mode"},"sceneLighting":false,"audioPlay":false,"sceneViewState":{"showFog":true,"showMaterialUpdate":true,"showSkybox":false,"showFlares":true,"showImageEffects":true,"showParticleSystems":true},"in2DMode":false,"pivot":{"x":0.2849607765674591,"y":0.2036265730857849,"z":0.9483120441436768},"rotation":{"x":0.1250879168510437,"y":0.19072845578193665,"z":-0.02450612746179104,"w":0.9733651876449585},"size":3.331819772720337,"orthographic":false}