{"cameraMode":{"drawMode":0,"name":"Shaded","section":"Shading Mode"},"sceneLighting":false,"audioPlay":false,"sceneViewState":{"showFog":true,"showMaterialUpdate":true,"showSkybox":false,"showFlares":true,"showImageEffects":true,"showParticleSystems":true},"in2DMode":false,"pivot":{"x":-1.6100010871887208,"y":0.004160985350608826,"z":-2.1021952629089357},"rotation":{"x":0.12123600393533707,"y":0.06694704294204712,"z":-0.008190743625164032,"w":0.990362286567688},"size":1.2347418069839478,"orthographic":false}