{"cameraMode":{"drawMode":0,"name":"Shaded","section":"Shading Mode"},"sceneLighting":false,"audioPlay":false,"sceneViewState":{"showFog":true,"showMaterialUpdate":true,"showSkybox":false,"showFlares":true,"showImageEffects":true,"showParticleSystems":true},"in2DMode":false,"pivot":{"x":0.2635963261127472,"y":0.01117473840713501,"z":1.0202646255493165},"rotation":{"x":0.09434785693883896,"y":0.015532413497567177,"z":-0.0014721041079610587,"w":0.9954176545143127},"size":3.4644784927368166,"orthographic":false}