{"cameraMode":{"drawMode":0,"name":"Shaded","section":"Shading Mode"},"sceneLighting":false,"audioPlay":false,"sceneViewState":{"showFog":true,"showMaterialUpdate":true,"showSkybox":false,"showFlares":true,"showImageEffects":true,"showParticleSystems":true},"in2DMode":false,"pivot":{"x":-2.5304436683654787,"y":0.25059938430786135,"z":0.9999865293502808},"rotation":{"x":0.12123600393533707,"y":0.06694704294204712,"z":-0.008190743625164032,"w":0.990362286567688},"size":4.849069595336914,"orthographic":false}