{"cameraMode":{"drawMode":0,"name":"Shaded","section":"Shading Mode"},"sceneLighting":false,"audioPlay":false,"sceneViewState":{"showFog":true,"showMaterialUpdate":true,"showSkybox":false,"showFlares":true,"showImageEffects":true,"showParticleSystems":true},"in2DMode":false,"pivot":{"x":-3.2949254512786867,"y":-0.4957057535648346,"z":-2.4124715328216554},"rotation":{"x":-0.05367680639028549,"y":0.8874122500419617,"z":-0.10700667649507523,"w":-0.4452068507671356},"size":5.35609245300293,"orthographic":false}