{"cameraMode":{"drawMode":0,"name":"Shaded","section":"Shading Mode"},"sceneLighting":false,"audioPlay":false,"sceneViewState":{"showFog":true,"showMaterialUpdate":true,"showSkybox":false,"showFlares":true,"showImageEffects":true,"showParticleSystems":true},"in2DMode":false,"pivot":{"x":-1.9138426780700684,"y":2.7066216468811037,"z":-3.022568702697754},"rotation":{"x":-0.019943585619330407,"y":-0.9618003964424133,"z":-0.07222437858581543,"w":0.2636989653110504},"size":8.018694877624512,"orthographic":false}