{"cameraMode":{"drawMode":0,"name":"Shaded","section":"Shading Mode"},"sceneLighting":true,"audioPlay":false,"sceneViewState":{"showFog":true,"showMaterialUpdate":true,"showSkybox":true,"showFlares":true,"showImageEffects":true,"showParticleSystems":true},"in2DMode":false,"pivot":{"x":5.256552219390869,"y":0.23736965656280518,"z":0.045457303524017337},"rotation":{"x":0.0928940400481224,"y":0.17709514498710633,"z":-0.01667742431163788,"w":0.9797592163085938},"size":0.3803560137748718,"orthographic":false}