{"cameraMode":{"drawMode":0,"name":"Shaded","section":"Shading Mode"},"sceneLighting":true,"audioPlay":false,"sceneViewState":{"showFog":true,"showMaterialUpdate":true,"showSkybox":false,"showFlares":true,"showImageEffects":true,"showParticleSystems":true},"in2DMode":false,"pivot":{"x":-1.3411691188812256,"y":0.5410027503967285,"z":-0.1830132007598877},"rotation":{"x":-0.08344880491495133,"y":0.8332727551460266,"z":-0.13105535507202149,"w":-0.530581533908844},"size":4.089869499206543,"orthographic":false}