{"cameraMode":{"drawMode":0,"name":"Shaded","section":"Shading Mode"},"sceneLighting":false,"audioPlay":false,"sceneViewState":{"showFog":true,"showMaterialUpdate":true,"showSkybox":false,"showFlares":true,"showImageEffects":true,"showParticleSystems":true},"in2DMode":false,"pivot":{"x":0.3535270690917969,"y":1.142568826675415,"z":0.015812039375305177},"rotation":{"x":0.12092476338148117,"y":-0.4883822500705719,"z":0.06869090348482132,"w":0.8615999817848206},"size":10.005918502807618,"orthographic":false}