{"cameraMode":{"drawMode":0,"name":"Shaded","section":"Shading Mode"},"sceneLighting":false,"audioPlay":false,"sceneViewState":{"showFog":true,"showMaterialUpdate":true,"showSkybox":false,"showFlares":true,"showImageEffects":true,"showParticleSystems":true},"in2DMode":false,"pivot":{"x":-1.2960472106933594,"y":0.2158176749944687,"z":-1.516690731048584},"rotation":{"x":0.17752787470817567,"y":0.06047941744327545,"z":-0.01092654187232256,"w":0.982227623462677},"size":0.9579334259033203,"orthographic":false}