{"cameraMode":{"drawMode":0,"name":"Shaded","section":"Shading Mode"},"sceneLighting":false,"audioPlay":false,"sceneViewState":{"showFog":true,"showMaterialUpdate":true,"showSkybox":false,"showFlares":true,"showImageEffects":true,"showParticleSystems":true},"in2DMode":false,"pivot":{"x":-4.533349990844727,"y":0.42405933141708376,"z":1.6583889722824097},"rotation":{"x":0.10213426500558853,"y":0.0014879945665597916,"z":-0.00014805154933128506,"w":0.9948021769523621},"size":3.0355582237243654,"orthographic":false}