{"cameraMode":{"drawMode":0,"name":"Shaded","section":"Shading Mode"},"sceneLighting":true,"audioPlay":false,"sceneViewState":{"showFog":true,"showMaterialUpdate":true,"showSkybox":true,"showFlares":true,"showImageEffects":true,"showParticleSystems":true},"in2DMode":false,"pivot":{"x":0.904219388961792,"y":0.09141682088375092,"z":2.636620044708252},"rotation":{"x":0.0015114006819203497,"y":0.007813258096575737,"z":0.00010038667096523568,"w":1.0000678300857545},"size":13.020505905151368,"orthographic":false}