{"cameraMode":{"drawMode":0,"name":"Shaded","section":"Shading Mode"},"sceneLighting":true,"audioPlay":false,"sceneViewState":{"showFog":true,"showMaterialUpdate":true,"showSkybox":true,"showFlares":true,"showImageEffects":true,"showParticleSystems":true},"in2DMode":false,"pivot":{"x":3.6650800704956056,"y":0.9796896576881409,"z":-1.8230326175689698},"rotation":{"x":0.09018456190824509,"y":0.007464510388672352,"z":-0.0006760554388165474,"w":0.9959008097648621},"size":1.81207275390625,"orthographic":false}