{"cameraMode":{"drawMode":0,"name":"Shaded","section":"Shading Mode"},"sceneLighting":false,"audioPlay":false,"sceneViewState":{"showFog":true,"showMaterialUpdate":true,"showSkybox":false,"showFlares":true,"showImageEffects":true,"showParticleSystems":true},"in2DMode":false,"pivot":{"x":-3.215094566345215,"y":-0.22504925727844239,"z":-3.7889153957366945},"rotation":{"x":0.03433891758322716,"y":-0.9612966179847717,"z":0.14086350798606873,"w":0.2343217134475708},"size":8.853007316589356,"orthographic":false}