{"cameraMode":{"drawMode":0,"name":"Shaded","section":"Shading Mode"},"sceneLighting":true,"audioPlay":false,"sceneViewState":{"showFog":true,"showMaterialUpdate":true,"showSkybox":true,"showFlares":true,"showImageEffects":true,"showParticleSystems":true},"in2DMode":false,"pivot":{"x":-8.175561904907227,"y":-5.636088848114014,"z":-19.935056686401368},"rotation":{"x":0.07681916654109955,"y":-0.9218122959136963,"z":0.241824209690094,"w":0.29340091347694399},"size":1.2881965637207032,"orthographic":false}