{"cameraMode":{"drawMode":0,"name":"Shaded","section":"Shading Mode"},"sceneLighting":false,"audioPlay":false,"sceneViewState":{"showFog":true,"showMaterialUpdate":true,"showSkybox":false,"showFlares":true,"showImageEffects":true,"showParticleSystems":true},"in2DMode":false,"pivot":{"x":2.4998064041137697,"y":1.1914129257202149,"z":-1.3492000102996827},"rotation":{"x":0.12123600393533707,"y":0.06694704294204712,"z":-0.008190743625164032,"w":0.990362286567688},"size":6.494087219238281,"orthographic":false}