{"cameraMode":{"drawMode":0,"name":"Shaded","section":"Shading Mode"},"sceneLighting":false,"audioPlay":false,"sceneViewState":{"showFog":true,"showMaterialUpdate":true,"showSkybox":false,"showFlares":true,"showImageEffects":true,"showParticleSystems":true},"in2DMode":false,"pivot":{"x":-0.6697676181793213,"y":-0.14769279956817628,"z":-2.2879252433776857},"rotation":{"x":0.006741697434335947,"y":-0.9920036196708679,"z":0.11056675016880036,"w":0.06048663705587387},"size":4.359923362731934,"orthographic":false}