{"cameraMode":{"drawMode":0,"name":"Shaded","section":"Shading Mode"},"sceneLighting":true,"audioPlay":false,"sceneViewState":{"showFog":true,"showMaterialUpdate":true,"showSkybox":true,"showFlares":true,"showImageEffects":true,"showParticleSystems":true},"in2DMode":false,"pivot":{"x":0.2723414897918701,"y":0.5661482810974121,"z":3.8372421264648439},"rotation":{"x":0.143527090549469,"y":0.003294498659670353,"z":-0.00036480469861999154,"w":0.9897415637969971},"size":18.961429595947267,"orthographic":false}