{"cameraMode":{"drawMode":0,"name":"Shaded","section":"Shading Mode"},"sceneLighting":false,"audioPlay":false,"sceneViewState":{"showFog":true,"showMaterialUpdate":true,"showSkybox":false,"showFlares":true,"showImageEffects":true,"showParticleSystems":true},"in2DMode":false,"pivot":{"x":0.5225061774253845,"y":0.2857624292373657,"z":4.415493011474609},"rotation":{"x":0.12123600393533707,"y":0.06694704294204712,"z":-0.008190743625164032,"w":0.990362286567688},"size":7.408616065979004,"orthographic":false}