{"cameraMode":{"drawMode":0,"name":"Shaded","section":"Shading Mode"},"sceneLighting":false,"audioPlay":false,"sceneViewState":{"showFog":true,"showMaterialUpdate":true,"showSkybox":false,"showFlares":true,"showImageEffects":true,"showParticleSystems":true},"in2DMode":false,"pivot":{"x":-2.5797367095947267,"y":-0.8607933521270752,"z":-2.153435230255127},"rotation":{"x":0.06882758438587189,"y":-0.9012132287025452,"z":0.15562725067138673,"w":0.39857062697410586},"size":5.259923934936523,"orthographic":false}