{"cameraMode":{"drawMode":0,"name":"Shaded","section":"Shading Mode"},"sceneLighting":false,"audioPlay":false,"sceneViewState":{"showFog":true,"showMaterialUpdate":true,"showSkybox":false,"showFlares":true,"showImageEffects":true,"showParticleSystems":true},"in2DMode":false,"pivot":{"x":-4.232768535614014,"y":-0.31795966625213625,"z":-0.5909988880157471},"rotation":{"x":-0.06210966408252716,"y":0.7494508624076843,"z":-0.07103852927684784,"w":-0.6553321480751038},"size":5.956092834472656,"orthographic":false}