{"cameraMode":{"drawMode":0,"name":"Shaded","section":"Shading Mode"},"sceneLighting":false,"audioPlay":false,"sceneViewState":{"showFog":true,"showMaterialUpdate":true,"showSkybox":false,"showFlares":true,"showImageEffects":true,"showParticleSystems":true},"in2DMode":false,"pivot":{"x":0.5099270939826965,"y":0.13827592134475709,"z":-10.110260963439942},"rotation":{"x":-0.000908360758330673,"y":-0.9993005990982056,"z":0.03149545192718506,"w":-0.024887965992093087},"size":12.248190879821778,"orthographic":false}