{"cameraMode":{"drawMode":0,"name":"Shaded","section":"Shading Mode"},"sceneLighting":false,"audioPlay":false,"sceneViewState":{"showFog":true,"showMaterialUpdate":true,"showSkybox":false,"showFlares":true,"showImageEffects":true,"showParticleSystems":true},"in2DMode":false,"pivot":{"x":0.14260777831077577,"y":0.2909383475780487,"z":-1.7659597396850587},"rotation":{"x":0.17752787470817567,"y":0.06047941744327545,"z":-0.01092654187232256,"w":0.982227623462677},"size":1.1460723876953126,"orthographic":false}