{"cameraMode":{"drawMode":0,"name":"Shaded","section":"Shading Mode"},"sceneLighting":false,"audioPlay":false,"sceneViewState":{"showFog":true,"showMaterialUpdate":true,"showSkybox":false,"showFlares":true,"showImageEffects":true,"showParticleSystems":true},"in2DMode":false,"pivot":{"x":11.305667877197266,"y":10.663982391357422,"z":4.4118804931640629},"rotation":{"x":0.05398599058389664,"y":0.013799273408949376,"z":-0.0006337643717415631,"w":0.9985458850860596},"size":226.3497772216797,"orthographic":false}