{"cameraMode":{"drawMode":0,"name":"Shaded","section":"Shading Mode"},"sceneLighting":false,"audioPlay":false,"sceneViewState":{"showFog":true,"showMaterialUpdate":true,"showSkybox":false,"showFlares":true,"showImageEffects":true,"showParticleSystems":true},"in2DMode":false,"pivot":{"x":0.14285235106945039,"y":0.0718906968832016,"z":-2.205035924911499},"rotation":{"x":0.17752787470817567,"y":0.06047941744327545,"z":-0.01092654187232256,"w":0.982227623462677},"size":0.3888244330883026,"orthographic":false}