{"cameraMode":{"drawMode":0,"name":"Shaded","section":"Shading Mode"},"sceneLighting":false,"audioPlay":false,"sceneViewState":{"showFog":true,"showMaterialUpdate":false,"showSkybox":false,"showFlares":true,"showImageEffects":true,"showParticleSystems":true},"in2DMode":false,"pivot":{"x":-0.79931640625,"y":0.6180419921875,"z":0.1422119140625},"rotation":{"x":-0.09267992526292801,"y":0.7500295639038086,"z":-0.10760858654975891,"w":-0.645977258682251},"size":2.4153127670288088,"orthographic":true}